Symbol,
NVDA,
GOOG,
GOOGL,
AAPL,
MSFT,
AMZN,
META,
AVGO,
TSLA,
TSM,
BRK.A,
BRK.B,
LLY,
WMT,
JPM/PC,
JPM/PK,
JPM/PD,
JPM/PM,
JPM,
JPM/PL,
JPM/PJ,
V,
ORCL,
XOM,
MA,
JNJ,
ASML,
PLTR,
NFLX,
MER/PK,
BAC/PE,
BAC/PQ,
BAC/PM,
BAC/PS,
BAC/PP,
BML/PL,
BAC,
BAC/PN,
BAC/PB,
BAC/PO,
BAC/PL,
BML/PG,
BAC/PK,
BML/PH,
BML/PJ,
COST,
ABBV,
MU,
BABA,
HD,
AMD,
GE,
PG,
CVX,
UNH,
WFC/PL,
WFC/PA,
WFC/PD,
WFC/PZ,
WFC/PC,
WFC,
WFC/PY,
KO,
AZN,
MS,
MS/PQ,
MS/PI,
MS/PE,
MS/PA,
MS/PK,
MS/PP,
MS/PF,
MS/PO,
MS/PL,
CSCO,
CAT,
IBM,
SAP,
GS/PA,
GS/PC,
GS/PD,
GS,
TM,
HSBC,
MRK,
NVS,
AXP,
NVO,
PM,
LRCX,
RTX,
CRM,
RY,
TMO,
TMUS,
AMAT,
ABT,
MCD,
SHOP,
C,
APP,
ISRG,
DIS,
LIN,
INTC,
SHEL,
QCOM,
BX,
PEP,
MUFG,
BA/PA,
BA,
UBER,
INTU,
SCHW/PJ,
SCHW,
SCHW/PD,
AMGN,
BLK,
BKNG,
TJX,
SAN,
KLAC,
ACN,
TXN,
VZ,
T,
T/PC,
TBB,
T/PA,
PDD,
GEV,
APH,
DHR,
NEE/PS,
NEE/PT,
NEE,
SPGI,
BHP,
HDB,
TD,
COF/PN,
COF,
COF/PL,
COF/PK,
COF/PJ,
COF/PI,
ANET,
NOW,
SONY,
GILD,
UBS,
ADI,
BSX,
PFE,
LOW,
ADBE,
SYK,
SCCO,
UL,
TTE,
RIO,
UNP,
BBVA,
DE,
PANW,
BUD,
HON,
SMFG,
WELL,
MDT,
LMT,
PGR,
ETN,
CB,
PLD,
COP,
KKR/PD,
KKR,
KKRT,
ARM,
IBKR,
SNY,
VRTX,
NEM,
BTI,
BN,
CRWD,
PH,
SPOT,
BMY,
IBN,
MELI,
HCA,
ADP,
HOOD,
CCZ,
CMCSA,
GSK,
CVS,
SBUX,
CEG,
MCK,
ENB,
SNPS,
MFG,
NKE,
DASH,
CVNA,
CME,
SOMN,
SOJD,
SO,
SOJC,
SOJE,
SOJF,
GD,
MCO,
BMO,
MO,
AEM,
ICE,
UPS,
MMC,
DUK/PA,
DUK,
DUKB,
BCS,
BNS,
RACE,
BAM,
CRH,
MMM,
WM,
BP,
MAR,
CDNS,
USB,
USB/PR,
USB/PS,
USB/PP,
USB/PH,
USB/PA,
USB/PQ,
PNC,
NTES,
ABNB,
APO,
APO/PA,
APOS,
CM,
SHW,
HWM,
NU,
NOC,
TT,
REGN,
BK/PK,
BK,
ELV,
RCL,
EMR,
ING,
B,
NGG,
SE,
GM,
LYG,
AMT,
DELL,
ITUB,
FCX,
RELX,
TDG,
ORLY,
ECL,
EQIX,
SNOW,
CTAS,
CI,
AON,
CMI,
MNST,
WMB,
INFY,
PBR,
PBR.A,
ITW,
GLW,
FDX,
DB,
NSC,
MRVL,
WBD,
MDLZ,
HLT,
EPD,
NWG,
JCI,
AJG,
TEL,
SLB,
CSX,
RSG,
NET,
CNQ,
CL,
TFC/PR,
TFC/PO,
TFC/PI,
TFC,
COR,
COIN,
CP,
WDC,
MSI,
PWR,
TRV,
MFC,
AMX,
PCAR,
AEP,
VRT,
ROST,
CNI,
LHX,
STX,
KMI,
SPG,
SPG/PJ,
EQNR,
NXPI,
RKT,
VALE,
ADSK,
BDX,
URI,
VLO,
APD,
PSX,
FTNT,
ET/PI,
ET,
AFL,
SREA,
SRE,
EOG,
TRI,
E,
NDAQ,
IDXX,
F/PC,
F/PB,
F/PD,
F,
ZTS,
WPM,
TRP,
ALL/PJ,
ALL,
ALL/PB,
ALL/PH,
ALL/PI,
AZO,
SU,
WDAY,
PYPL,
MPLX,
O,
MPC,
ALNY,
DLR/PK,
DLR/PL,
DLR/PJ,
DLR,
MET/PF,
MET,
MET/PA,
MET/PE,
RBLX,
CMG,
TAK,
EA,
VST,
TCOM,
ARGX,
BKR,
CBRE,
D,
GWW,
EW,
SNDK,
DEO,
BIDU,
AXON,
AME,
TGT,
RDDT,
CAH,
FAST,
FER,
PSA/PO,
PSA/PS,
PSA/PI,
PSA/PK,
PSA/PN,
PSA/PJ,
PSA/PG,
PSA/PP,
PSA/PR,
PSA/PL,
PSA/PQ,
PSA,
PSA/PF,
PSA/PM,
PSA/PH,
CTVA,
DAL,
AMP,
ROP,
TTWO,
AU,
MPWR,
CCJ,
DDOG,
OKE,
ROK,
CARR,
STRD,
STRF,
STRC,
MSTR,
STRK,
FERG,
RKLB,
IMO,
HLN,
EXC,
MSCI,
XEL,
XELLL,
FNV,
WCN,
XYZ,
YUM,
DHI,
HEI,
HEI.A,
SYM,
FANG,
LNG,
OXY,
AIG,
LVS,
CUK,
CCL,
IQV,
PRS,
PRH,
PFH,
PRU,
A,
ONC,
CTSH,
EBAY,
GRMN,
PAYX,
CPNG,
EL,
HMC,
STLA,
ETR,
GFI,
GEHC,
ALC,
CCEP,
ABEV,
MCHP,
MCHPP,
VMC,
VEEV,
TEAM,
PUK,
TKO,
PEG,
MLM,
HIG,
HIG/PG,
NUE,
CRWV,
HSY,
ARES,
ARES/PB,
FLUT,
JD,
WAB,
TRGP,
KR,
CPRT,
FICO,
ASX,
TEVA,
KDP,
UAL,
FISV,
KGC,
STT,
STT/PG,
CCI,
RMD,
NOK,
INSM,
EXPE,
ED,
VTR,
ODFL,
RYAAY,
SYY,
KEYS,
OTIS,
ZS,
MT,
SLF,
FIS,
ACGLN,
ACGL,
ACGLO,
SOFI,
CLS,
PCG,
PCG/PX,
SATS,
XYL,
FIX,
WEC,
LYV,
TER,
BBDO,
BBD,
MDB,
HUM,
IR,
ASTS,
UI,
NTRA,
RJF,
FITBI,
FITBP,
FITB,
FITBO,
MDLN,
MTB,
MTB/PH,
MTB/PJ,
MTB/PK,
KMB,
CHT,
VIK,
IX,
KVUE,
VOD,
WTW,
EQT,
ESLT,
CIEN,
DG,
FOX,
FOXA,
KB,
ERIC,
SYF,
SYF/PB,
SYF/PA,
QSR,
VRSK,
CVE,
AMRZ,
WIT,
CHTR,
WDS,
MTD,
FWONK,
FWONA,
VICI,
ADM,
HPE,
HPE/PC,
ROL,
ULTA,
HBANM,
HBANL,
HBANP,
HBAN,
LPLA,
EXR,
BE,
NTR,
PHG,
EME,
KHC,
DOV,
LEN,
LEN.B,
BRO,
NRG,
TPR,
NTRS,
NTRSO,
BIIB,
COHR,
TSCO,
MKL,
HAL,
ATO,
AFRM,
AEE,
DTE,
DTK,
DTG,
DTW,
DTB,
FCNCA,
FCNCP,
FCNCO,
WRB/PH,
WRB/PF,
WRB/PG,
WRB/PE,
WRB,
DXCM,
EFX,
NMR,
ALAB,
FSLR,
IRM,
CFG/PI,
CFG/PH,
CFG/PE,
CFG,
DLTR,
AVB,
BR,
CSGP,
FTS,
AER,
CQP,
FE,
CINF,
TDY,
PHM,
STM,
PPL,
STE,
CRDO,
STZ,
ES,
ZM,
VLTO,
SHG,
TPG,
AWK,
STLD,
FUTU,
RF/PC,
RF/PF,
RF,
RF/PE,
LULU,
LDOS,
TME,
CNP,
OMC,
LITE,
NBIS,
OWL,
TW,
ON,
FTAIN,
FTAI,
FTAIM,
HUBB,
RIVN,
EXE,
BAP,
TECK,
EQR,
BNTX,
JBL,
TROW,
BSBR,
PPG,
WAT,
WSM,
GIS,
KEY,
KEY/PI,
KEY/PL,
KEY/PK,
KEY/PJ,
DRI,
CG,
CYBR,
RPRX,
CPAY,
VRSN,
CNC,
EIX,
DVN,
TEF,
RL,
SW,
FLEX,
PAAS,
ILMN,
EC,
IP,
LUV,
AXIA,
AXIA/P,
AXIA/PC,
BCE,
UMC,
L,
CASY,
KEP,
PSTG,
AS,
GFS,
TS,
TOST,
CW,
PBA,
CMS,
CMSC,
CMSD,
CMSA,
CMS/PC,
SSNC,
EXPD,
UTHR,
LH,
FMX,
NVR,
GMAB,
NTAP,
TPL,
TWLO,
INCY,
RVMD,
IHG,
RGLD,
TU,
PTC,
CHD,
PODD,
RGC,
CHKP,
SQM,
BCH,
TLK,
PFG,
GIB,
TSN,
BEKE,
FTI,
AMCR,
RBA,
GRAB,
NI,
WST,
DGX,
VIV,
RCI,
HPQ,
CHRW,
JBHT,
TYL,
IOT,
DKS,
EXAS,
HUBS,
U,
SGI,
BURL,
CTRA,
SBAC,
CRCL,
PKG,
XPEV,
WWD,
ALB,
ALB/PA,
TRMB,
BG,
CX,
SNA,
Q,
APTV,
ZBH,
GPN,
FIG,
DOW,
DD,
CIB,
LII,
PINS,
TTD,
MKC.V,
MKC,
DKNG,
IONQ,
THC,
SMCI,
IT,
VG,
BWXT,
GPC,
APG,
KTOS,
IFF,
FTV,
AGI,
SN,
YUMC,
WY,
MTZ,
CDW,
AVAV,
ZTO,
SBS,
MEDP,
XPO,
PNR,
LNT,
LI,
EVRG,
ONON,
USFD,
HOLX,
ULS,
OKTA,
QXO/PB,
QXO,
NVT,
ZG,
Z,
ESS,
PHYS,
J,
LTM,
WES,
TRU,
GEN,
EWBC,
JLL,
INVH,
COO,
TLN,
MAA,
MAA/PI,
CRBD,
CRBG,
TXT,
ATI,
RS,
ROKU,
KSPI,
CRS,
H,
RTO,
NLY/PG,
NLY/PJ,
NLY/PI,
NLY,
NLY/PF,
FN,
AA,
PSLV,
PKX,
CPT,
MGA,
FFIV,
DECK,
GDDY,
NWS,
NWSA,
BIP/PB,
BIP/PA,
BIP,
WMG,
SUI,
ITT,
GWRE,
LYB,
RBC,
HTHT,
OKLO,
ROIV,
ENTG,
GFL,
BBY,
BSAC,
IREN,
FNF,
PNFP/PA,
PNFP/PC,
PNFP/PB,
PNFP,
SOLV,
ARCC,
HII,
W,
WPC,
BNT,
EMA,
BALL,
JBS,
WSO.B,
WSO,
VTRS,
SNAP,
AVY,
ICLR,
NTNX,
SNN,
RBRK,
EVR,
NDSN,
BBIO,
RPM,
CSL,
EG,
ALLY,
ALLE,
GGG,
HL/PB,
HL,
GH,
SMMT,
DOCU,
KIM,
KIM/PL,
KIM/PM,
KIM/PN,
MAS,
YPF,
JOBY,
PFGC,
IEX,
LECO,
EQH,
EQH/PA,
EQH/PC,
DPZ,
WF,
JKHY,
NBIX,
MLI,
PAC,
UNM,
UNMA,
LOGI,
KRMN,
FMS,
BEN,
BMNR,
PSKY,
RGA,
RZB,
RZC,
ERIE,
RYAN,
SF/PC,
SFB,
SF/PB,
SF,
SF/PD,
NXT,
MRNA,
CACI,
CLH,
CELH,
IONS,
OHI,
ACM,
PAA,
TSEM,
LAMR,
WCC,
VNOM,
CHWY,
EMBJ,
UHS,
REG,
REGCO,
REGCP,
DT,
ZBRA,
RNR/PG,
RNR/PF,
RNR,
HMY,
TOL,
COKE,
HLI,
ASND,
GMED,
CNA,
CLX,
CNH,
CF,
GLPI,
MDGL,
SWK,
AMKR,
CDE,
JEF,
IVZ,
HRL,
JHX,
MTSI,
HST,
HAS,
FIGR,
BLD,
PEN,
UDR,
AKAM,
BLDR,
WYNN,
SNX,
AGNCN,
AGNC,
AGNCM,
AGNCL,
AGNCP,
AGNCZ,
AGNCO,
ALGN,
FHN/PE,
FHN/PF,
FHN/PC,
FHN,
TEM,
EPAM,
BSY,
DOC,
DTM,
MKSI,
CCK,
TXRH,
BF.A,
BF.B,
AIZN,
AIZ,
BILI,
ELS,
EXEL,
CMA,
CMA/PB,
SUZ,
BJ,
WMS,
GIL,
PR,
CR,
BAH,
NYT,
BMRN,
KLAR,
ELAN,
RVTY,
AMH/PH,
AMH,
AMH/PG,
AEG,
EQX,
NVMI,
PCOR,
GL,
GL/PD,
CART,
AFGC,
AFGB,
AFG,
AFGE,
AFGD,
LSCC,
RDY,
SCI,
SBSW,
DAY,
NCLH,
STN,
YMM,
SAIL,
FIVE,
FDS,
RNA,
DRS,
WTRG,
PAG,
CFLT,
MP,
CNM,
DCI,
PNW,
SEIC,
ORI,
BAX,
DDS,
BXP,
CRL,
WBS,
WBS/PG,
WBS/PF,
GAP,
EHC,
APLD,
CAE,
MANH,
SJM,
AAL,
CHYM,
BROS,
SPXC,
QBTS,
SARO,
RRX,
ARMK,
BWA,
ENSG,
WLK,
AES,
PEGA,
IAG,
TECH,
UHAL,
UHAL.B,
NIO,
QGEN,
AYI,
AIT,
GLXY,
AR,
WTFCN,
WTFC,
GTLS,
SSB,
TIMB,
WAL,
WAL/PA,
DY,
RMBS,
AOS,
EGP,
OVV,
SAIA,
TTAN,
JAZZ,
ASR,
OC,
MGM,
GME,
WTS,
KNSL,
EDU,
FYBR,
BZ,
TAP,
TAP.A,
CEF,
MOH,
ALV,
REXR/PC,
REXR,
REXR/PB,
GGAL,
RGEN,
MICC,
UMBFO,
UMBF,
OSK,
DINO,
HSIC,
AG,
COMP,
TTEK,
KNX,
ARE,
MBLY,
PPC,
STRL,
ONBPO,
ONBPP,
ONB,
FLS,
SWKS,
DOX,
ABVX,
POOL,
XP,
AUR,
PATH,
PSO,
TFII,
APA,
ZION,
ZIONP,
FRT,
FRT/PC,
PAYC,
AHR,
ONTO,
SFD,
ARWR,
VIPS,
PLNT,
MOG.A,
MOG.B,
PJT,
COLB,
OGE,
CFR/PB,
CFR,
MORN,
GNRC,
SITM,
BPOP,
ALSN,
TIGO,
MGR,
MGRD,
MGRB,
MGRE,
AMG,
BIO,
TTC,
KT,
SUN,
LKQ,
ACI,
LEVI,
HALO,
KVYO,
AGCO,
CUBE,
AXSM,
AWI,
HQY,
PRI,
STEP,
LNC/PD,
LNC,
LUMN,
OMF,
PCTY,
CADE,
CADE/PA,
LINE,
RGTI,
HBM,
FRHC,
JBTM,
VMI,
SOLS,
ESTC,
BEP/PA,
AM,
CTRE,
MOS,
BEP,
DOCS,
AVTR,
G,
CBSH,
HLNE,
LAD,
OTEX,
ADC,
ADC/PA,
SANM,
APPF,
BIRK,
GDS,
CAVA,
VFS,
PRAX,
GRFS,
FR,
MUSA,
CMC,
ATR,
RRC,
BRX,
DUOL,
AXS/PE,
AXS,
UGI,
MIDD,
JXN/PA,
JXN,
BRKR,
BRKRP,
CAI,
AEIS,
DVA,
CAG,
AMTM,
IDCC,
VFC,
CPB,
TX,
MMYT,
EMN,
NNN,
BOKF,
LYFT,
AN,
CYTK,
HIMS,
QRVO,
ZWS,
R,
SKM,
MTCH,
UWMC,
PFSI,
PONY,
GSAT,
EGO,
NGD,
CHDN,
VOYA,
VOYA/PB,
SFM,
MNDY,
WING,
NUVL,
IESC,
CIGI,
IBP,
NFG,
MASI,
LLYVA,
URBN,
DSGX,
FCFS,
GGB,
FND,
TFPM,
ESAB,
KRYS,
SIRI,
ICL,
NICE,
AL,
INGR,
SSD,
JHG,
OR,
PL,
EAT,
FROG,
FSV,
EXP,
STAG,
ELPC,
MHK,
BTSG,
BTSGU,
CWAN,
FSS,
UEC,
NXE,
LBRDA,
LBRDP,
LBRDK,
FLR,
CLF,
HESM,
ORA,
AXTA,
TTMI,
OLLI,
BYD,
PDI,
MAT,
IDA,
DBX,
LOAR,
GLBE,
VLYPO,
VLYPN,
VLY,
VLYPP,
ENLT,
PB,
KEX,
BVN,
LFUS,
EXLS,
TAL,
STWD,
PRIM,
MSA,
NEU,
SMTC,
ESI,
CDP,
NTSK,
VNO/PM,
VNO/PN,
VNO,
VNO/PL,
VNO/PO,
RRR,
FBIN,
SRAD,
OTF,
GKOS,
QS,
LEA,
BETA,
CIFR,
AAON,
PIPR,
MTG,
RYTM,
PACS,
CWEN.A,
CWEN,
OBDC,
PRMB,
TXNM,
NOV,
WFRD,
GXO,
TMHC,
ACHR,
CHE,
CIG.C,
CIG,
VICR,
GATX,
CWST,
MSGS,
ROAD,
WAY,
KMX,
CGNX,
NXST,
HXL,
MOD,
RITM/PA,
RITM/PE,
RITM,
RITM/PC,
RITM/PD,
RITM/PB,
ADT,
TKR,
FNB,
M,
CRK,
THG,
PI,
MKTX,
CRUS,
BMA,
ESNT,
HUT,
KD,
LTH,
PTCT,
GBCI,
MIR,
TRNO,
DLB,
OPEN,
BLCO,
FAF,
MNSO,
SEE,
IRTC,
BXSL,
DAR,
WH,
RDNT,
ETSY,
LMND,
HR,
BTG,
GTLB,
MC,
ANF,
SMR,
EPRT,
CAMT,
SITE,
PCVX,
RHP,
OLED,
BLSH,
KYMR,
KNTK,
ENIC,
LPX,
BOOT,
FOUR/PA,
FOUR,
ACT,
ARW,
SWX,
ZETA,
GTES,
ATAT,
CBC,
ENS,
ALGM,
RAL,
BFAM,
OS,
STVN,
LW,
BLTE,
THO,
HRB,
UFPI,
UBSI,
HWCPZ,
HWC,
SLMBP,
SLM,
BC/PC,
BC,
ALK,
VNT,
RIOT,
HOMB,
RLI,
HRI,
MAIN,
KBR,
MMSI,
REZI,
POR,
CCC,
BEPC,
CVLT,
BILL,
FLG,
CRNX,
OZKAP,
OZK,
WEX,
FRO,
FCN,
FRMI,
SOBO,
ESE,
COGT,
GNTX,
ABCB,
OMAB,
SNEX,
CPA,
WULF,
CRSP,
BKH,
CHRD,
CSW,
WIX,
SHC,
AUB,
AUB/PA,
MRCY,
ACA,
IMVT,
SGHC,
APGE,
AX,
KRG,
MTDR,
ONDS,
BIPC,
VSAT,
LSTR,
LLYVK,
LAUR,
WFG,
DOO,
LEU,
S,
GVA,
BCPC,
CORZ,
MMS,
KOF,
SIGI,
SIGIP,
BCO,
WTM,
CACC,
IFS,
ST,
ELF,
BMI,
CZR,
LIF,
TEO,
POST,
SKY,
OPCH,
WPP,
GPI,
WK,
SAIC,
GOLF,
VSCO,
SIM,
NNI,
MCY,
HCC,
CVCO,
PTGX,
SNDR,
FORM,
GHC,
VIRT,
VSNT,
NIQ,
REYN,
INGM,
AVAL,
MTN,
UPST,
LOPE,
TKC,
PECO,
HHH,
SBRA,
ALKS,
RDN,
CHH,
ABG,
TFX,
ORLA,
SR/PA,
SR,
YOU,
CELC,
TGTX,
NPO,
NE,
SLAB,
TNL,
CE,
CNR,
ACIW,
MTH,
LAZ,
DOCN,
AQNB,
QLYS,
AQN,
TGS,
CNX,
KRC,
OSIS,
PAM,
PHI,
MAC,
IEP,
MSM,
AEO,
RIG,
TMDX,
NJR,
NNNN,
MUR,
VSEC,
GPK,
BBWI,
OGS,
ENPH,
EBC,
SOUN,
SON,
MZTI,
NOVT,
NOVTU,
FFIN,
AROC,
WHR,
AD,
UZF,
UZE,
UZD,
ACAD,
EOSE,
STUB,
HGTY,
BDC,
ITRI,
MRP,
LNTH,
CROX,
CAR,
FELE,
CUZ,
RUSHA,
RUSHB,
FLY,
ECG,
TCBIO,
TCBI,
ASB,
ASB/PE,
ASB/PF,
NAVN,
SLGN,
SSRM,
CAAP,
INDV,
ATMU,
ZGN,
FOLD,
VCTR,
UUUU,
TDS,
TDS/PV,
TDS/PU,
RSI,
CLBT,
KNF,
QTWO,
POWL,
BGSI,
IBOC,
AGX,
FTDR,
PRM,
HSAI,
GBTG,
VIST,
ALH,
ADMA,
DLO,
IRT,
AUGO,
SEB,
SSL,
LEGN,
SRRK,
UGP,
RUN,
BOX,
BULL,
MIRM,
VRNS,
ALHC,
MGY,
CNO,
CNO/PA,
AKO.A,
AKO.B,
SFBS,
AGO,
AMRX,
PLXS,
PII,
TREX,
HASI,
GLNG,
SXT,
PSMT,
OUT,
ATGE,
MDU,
WHD,
FHI,
FSK,
MATX,
NG,
BGC,
NWE,
CRC,
NSA,
NSA/PB,
NSA/PA,
GPCR,
PLBL,
NAMS,
AVT,
CENX,
RH,
LPL,
HGV,
BBAR,
UCB,
TERN,
VVV,
BLLN,
EPR/PE,
EPR/PC,
EPR,
EPR/PG,
ENVA,
BTU,
WSC,
WGS,
STNE,
SKT,
SKYW,
MARA,
COMM,
LGND,
HAE,
PAGP,
DORM,
SHAK,
TBBB,
MWA,
INTR,
TFSL,
HNGE,
NVST,
BRC,
FLNC,
DJT,
OSCR,
LB,
PATK,
TEX,
SIMO,
CORT,
FG,
FGSN,
FGN,
FIBK,
YETI,
GRAL,
VIAV,
PAY,
CWK,
CBT,
PBF,
PSN,
INDB,
AIR,
CSAN,
COLD,
BANF,
ICUI,
EXPO,
BWIN,
KBH,
ACLX,
SLG,
SLG/PI,
BFH,
BFH/PA,
VAL,
BHFAM,
BHFAO,
BHF,
BHFAP,
BHFAL,
BHFAN,
TPC,
VRRM,
NHI,
CRVL,
DNP,
CARG,
NP,
JOE,
SIG,
KAI,
ARQT,
MIAX,
USLM,
LCID,
ASO,
GBDC,
RYN,
LBTYK,
LBTYA,
LBTYB,
INTA,
TAC,
VEON,
GNW,
GFF,
OTTR,
PPTA,
FULT,
FULTP,
VKTX,
APAM,
GEF,
GEF.B,
KEN,
KFY,
LIVN,
LUNR,
GTX,
SMG,
SPSC,
ARX,
CALM,
UNF,
NEA,
AZZ,
MEOH,
AB,
HAYW,
ARMN,
RNST,
GPOR,
SEI,
CATY,
WRBY,
MHO,
BNL,
PLMR,
VCYT,
MYRG,
BKU,
KTB,
FBP,
CNS,
FUL,
AHL,
AHL/PF,
AHL/PD,
AHL/PE,
CALX,
HTGC,
HCXY,
WRD,
EE,
BRZE,
JOYY,
CGON,
AGYS,
ATEC,
KC,
FHB,
WSBC,
WSBCO,
VERA,
APLS,
TARS,
SHOO,
FRSH,
CMBT,
BBUC,
GTM,
BL,
MCHB,
OPLN,
PAGS,
MPW,
BXMT,
SA,
TTAM,
CBU,
SBCF,
PLUG,
REVG,
SPHR,
UTG,
SYNA,
HWKN,
XMTR,
VERX,
PCH,
DAVE,
IDYA,
ACMR,
IPGP,
AVA,
XXI,
XENE,
TVTX,
KNSA,
CSQ,
FBK,
ASAN,
COCO,
GRBK/PA,
GRBK,
NMRK,
PVH,
EEFT,
WSFS,
KGS,
HNI,
BANC/PF,
BANC,
CPRI,
DAN,
AMR,
LCII,
NMIH,
CGAU,
HP,
ARLP,
WU,
TBBK,
COLM,
LBRT,
FIZZ,
HURN,
PBH,
TGNA,
USAC,
AAUC,
AERO,
CLSK,
AMBA,
GLOB,
FSM,
BBU,
LRN,
IAC,
FRPT,
AVNT,
HIW,
ERO,
TNET,
SKE,
NATL,
LXP/PC,
LXP,
IRON,
TMC,
DNN,
EXG,
CNTA,
BLKB,
DYN,
CBZ,
AVPT,
APLE,
SUPN,
BRBR,
CPK,
JPC,
BSM,
STNG,
NUVB,
BRSL,
ITGR,
SXI,
DBRG/PH,
DBRG,
DBRG/PI,
DBRG/PJ,
VRDN,
TDC,
HAFN,
BCC,
RUM,
RHI,
NCNO,
MANU,
LFST,
BHC,
MH,
KYIV,
ADX,
EXK,
MGEE,
HTFL,
TOWN,
RELY,
PRVA,
BKE,
NAD,
HUBG,
BEAM,
CAKE,
CXT,
BOH/PB,
BOH/PA,
BOH,
IPAR,
KLIC,
MTRN,
AWR,
RLX,
TENB,
TDW,
PTON,
VNET,
TPH,
SFNC,
CSTM,
COTY,
VTMX,
ATHM,
VC,
CPRX,
ATS,
LQDA,
AKR,
INSP,
ACLS,
GSHD,
PAX,
CNXC,
ASH,
C/PN,
FA,
FFBC,
BTDR,
ETOR,
NVG,
MRX,
WVE,
NSIT,
CMPO,
DRD,
ZIM,
BBAI,
INSW,
SUNC,
MLCO,
OII,
MGRC,
CUBB,
CUBI,
QUBT,
CNK,
GENI,
UPWK,
CRGY,
PTEN,
DNLI,
PFS,
BKD,
WOR,
SII,
CVBF,
ABM,
HG,
EWTX,
RCUS,
MESO,
CEPU,
TR,
WB,
CTRI,
DXC,
MLYS,
GT,
PHIN,
AAPG,
LGN,
LION,
CWT,
HCM,
SEZL,
MSGE,
ALRM,
KWR,
OLN,
IHS,
FORTY,
WDFC,
WAFD,
WAFDP,
APPN,
PRK,
RNG,
DKL,
CCU,
CON,
TLX,
DIOD,
AMBP,
AAP,
DNOW,
BTE,
FCPT,
GDV,
BATRK,
BATRA,
DRVN,
PTY,
PTRN,
HOG,
MODG,
XRAY,
CURB,
USAR,
BKV,
NZF,
CHEF,
RXRX,
SLNO,
ETY,
KSS,
TXG,
DBD,
GRND,
ADPT,
UE,
TRMK,
SRPT,
OCUL,
SID,
TIC,
IE,
TGLS,
CLM,
MGNI,
LC,
SBLK,
SPNT,
SPNT/PB,
RXO,
GCMG,
CHA,
PGNY,
HE,
UTF,
TRN,
UAA,
UA,
OI,
ALM,
LU,
SYRE,
GEO,
ALKT,
KMPB,
KMPR,
NVTS,
SLDE,
CVI,
ATRO,
BBT,
CLVT,
NGVT,
ATKR,
KMT,
QDEL,
BB,
OMCL,
CSGS,
TRMD,
ALG,
HCI,
NBTB,
IVT,
POWI,
PLUS,
IMNM,
AAOI,
OSW,
CIVI,
HI,
RARE,
BELFA,
BELFB,
FRME,
FRMEP,
RVLV,
FBNC,
PK,
FLO,
BANR,
SAM,
SAH,
ODD,
IBRX,
VAC,
VSH,
HRMY,
GLPG,
SDRL,
HYMC,
BUSE,
BUSEP,
CECO,
EVCM,
DHT,
ASGN,
HTH,
NOG,
TWST,
EPAC,
AORT,
WD,
EXTR,
TGB,
ESTA,
MQ,
EYE,
ATRC,
VIA,
AVDL,
GOF,
NTB,
OGN,
NEOG,
SM,
ZLAB,
KYN,
ADUS,
CC,
TSLX,
EFSCP,
EFSC,
PRDO,
BUR,
CXW,
VCEL,
STC,
DX,
DX/PC,
TNK,
NYAX,
QFIN,
LASR,
SGRY,
ADEA,
MTX,
INOD,
BWLP,
IRDM,
PRGO,
SBET,
ARR/PC,
ARR,
AUPH,
SONO,
RVT,
OLMA,
PRKS,
UNFI,
PGY,
CCS,
XZO,
IQ,
SYBT,
NHC,
FIHL,
KALU,
XIFR,
IOSP,
RNW,
SMPL,
WERN,
SVM,
HUN,
UFPT,
NTCT,
TPB,
GRDN,
STRA,
CMRE/PD,
CMRE/PC,
CMRE/PB,
CMRE,
HLIO,
ARCB,
NWN,
GNL/PA,
GNL/PD,
GNL/PB,
GNL,
GNL/PE,
GEL,
FIGS,
MCW,
EVTC,
LMAT,
PRCT,
PAYO,
STOK,
WSHP,
KN,
EVT,
VVX,
PENN,
HLMN,
VECO,
NN,
MD,
VZLA,
SLVM,
REAL,
GAB,
PARR,
AI,
ALMS,
YELP,
NIC,
CXM,
HROW,
SEM,
VOYG,
SKWD,
NRIX,
USA,
CENT,
CENTA,
SMA,
NUV,
PLAB,
WLTH,
DRH,
FMC,
MAZE,
HBNB,
AGM/PG,
AGM,
AGM/PF,
AGM/PE,
AGM/PH,
AGM/PD,
DEI,
MNR,
SNDX,
TALO,
AVAH,
WT,
MNKD,
WS,
NOMD,
HMN,
EFXT,
DK,
AGM.A,
PCT,
JBLU,
LZ,
OFG,
ANDE,
IMAX,
CMPR,
FISK,
OGCP,
ESBA,
FCF,
KDK,
CLDX,
AAMI,
NWBI,
SEDG,
DAC,
DVAX,
HTO,
PRGS,
SEMR,
CCB,
ETG,
WBTN,
JMIA,
STEW,
CHCO,
TIGR,
JJSF,
NESR,
ABTC,
CDLR,
RAMP,
FLYW,
SHO/PI,
SHO/PH,
SHO,
DV,
TILE,
FLOC,
CLMT,
JAMF,
UNIT,
HTZ,
ZYME,
PWP,
NAC,
NWL,
TRIP,
TY,
PSNY,
PSNYW,
DXPE,
AZTA,
CDRE,
LOB/PA,
LOB,
ANIP,
DQ,
ENVX,
MAAS,
ICFI,
FDP,
ETV,
ARDX,
RDW,
BDJ,
MCRI,
LTC,
ALGT,
ROG,
RHLD,
PBI/PB,
PBI,
CASH,
NNE,
IMCR,
TE,
NVCR,
XPRO,
WLDN,
OUST,
MXL,
NEO,
ARCO,
LSPD,
WLYB,
WLY,
NSP,
BHVN,
ENOV,
ERAS,
GLUE,
MBINL,
MBINN,
MBIN,
MBINM,
AGIO,
STEL,
DFH,
DNTH,
SION,
LEG,
GTY,
PGEN,
BITF,
AIN,
KOD,
CLBK,
WMK,
TYRA,
TFIN/P,
TFIN,
PAHC,
ADNT,
FTRE,
LZB,
INVX,
BSTZ,
BCRX,
NMM,
PHVS,
AMRC,
WEN,
DGII,
TCBK,
CRML,
BHE,
SHCO,
SRCE,
RQI,
ABR,
ABR/PD,
ABR/PF,
ABR/PE,
DCO,
LMRI,
TWFG,
ARHS,
SVV,
CYD,
TRUP,
FIVN,
KMTS,
EVEX,
FUN,
BLX,
WINA,
LAC,
GCT,
STBA,
COLL,
BXMX,
CERT,
AXGN,
NBHC,
EFC/PB,
EFC/PA,
EFC/PC,
EFC/PD,
EFC,
EXPI,
TNDM,
ROCK,
WWW,
UTI,
GABC,
LOMA,
BLBD,
HLF,
CET,
XPEL,
SBH,
PAR,
ALEX,
NSSC,
ACVA,
SPB,
WKC,
HOPE,
GLIBK,
GLIBA,
SGML,
VYX,
TNGX,
UPB,
AMPL,
FSLY,
GBX,
UCTT,
MBC,
NVRI,
CNXN,
NTST,
LKFN,
ARLO,
USAS,
INVA,
BTT,
DAO,
PSIX,
ENR,
MNMD,
KRP,
HYT,
ATAI,
HIMX,
SHLS,
AHCO,
TRVI,
MSDL,
IPX,
WSR,
MAN,
AXTI,
QURE,
TRS,
BST,
GLP,
GLP/PB,
VRE,
OXLC,
XHR,
CRAI,
QCRH,
ASTH,
GAM,
EYPT,
TV,
RCAT,
BBNX,
TSHA,
BFC,
LILAK,
LILA,
PLTK,
TNC,
UTZ,
IIPR/PA,
IIPR,
QQQX,
KARO,
BY,
CAPR,
ALVO,
RLAY,
FLNG,
DOLE,
ZD,
ARI,
AMSC,
ELVN,
NEXT,
MBX,
NRP,
TUYA,
LADR,
SDGR,
UMH,
UMH/PD,
KW,
CNMD,
JKS,
WTTR,
DSGR,
EDN,
ECO,
PEB,
PEB/PG,
PEB/PE,
PEB/PH,
PEB/PF,
NABL,
SOC,
UVV,
ARRY,
DFIN,
TDOC,
RAPP,
XERS,
HCSG,
VITL,
CTOS,
CNOBP,
CNOB,
GRC,
AFYA,
SLSR,
RERE,
CTS,
TTI,
SKYT,
MGIC,
ARDT,
DCOMG,
DCOMP,
DCOM,
CSWC,
MLKN,
IRS,
GOOS,
PFBC,
FINV,
LNN,
RES,
DHC,
DHCNL,
DHCNI,
CLOV,
GEMI,
FOR,
NUTX,
EZPW,
EVO,
PRLB,
IMOS,
PSEC,
AMLX,
CSIQ,
SILA,
BORR,
IMKTA,
PHAR,
BH.A,
BH,
JCAP,
NAVI,
JSM,
GIII,
ORKA,
IDT,
AESI,
GSL,
GSL/PB,
AMPH,
OPRA,
NEXA,
JFR,
NFJ,
METCI,
METCZ,
METCB,
METC,
VET,
CRI,
DSL,
OCS,
IRMD,
THR,
ECPG,
CNL,
IMTX,
EVLV,
ACHC,
USPH,
PZZA,
PRA,
MUX,
ATEN,
STGW,
SLI,
EOS,
BV,
TBLA,
ABCL,
WGO,
COUR,
WABC,
LUCK,
NTLA,
NMZ,
COHU,
RBCAA,
SPH,
OBK,
PRG,
ANAB,
IAUX,
AMPX,
SFL,
SANA,
BAK,
PDFS,
BLFS,
NGL/PB,
NGL,
NGL/PC,
THS,
TRINZ,
TRINI,
TRIN,
RZLV,
NVAX,
ECVT,
NBY,
THRM,
CCEC,
GIC,
ALX,
AGRO,
PXED,
NVGS,
ROOT,
NAK,
SVRA,
CBL,
ASA,
RLJ,
RLJ/PA,
LPG,
CSTL,
PD,
EVV,
VRTS,
MVST,
VTOL,
SAFT,
PVLA,
SEPN,
PLPC,
PX,
AAT,
SERV,
UAN,
SCL,
CWH,
TWOD,
TWO/PC,
TWO/PB,
TWO/PA,
TWO,
SUPV,
LAR,
OCSL,
FPF,
ELE,
ORC,
DEC,
LUXE,
YALA,
AMTD,
PCRX,
STAA,
CSR,
PEBO,
ESRT,
PMTU,
PMT/PC,
PMT/PA,
PMTW,
PMT/PB,
PMT,
PMTV,
PHAT,
OLPX,
DMLP,
AEBI,
ULCC,
FSUN,
BRCB,
UPBD,
URGN,
GILT,
CCOI,
INBX,
EMO,
ASTE,
VLRS,
CRTO,
SSII,
TMP,
SPRY,
THH,
IART,
LGIH,
HLIT,
REX,
TASK,
MFIC,
TLRY,
OSBC,
SAFE,
CTBI,
BBOT,
IGIC,
CIMN,
CIMP,
CIMO,
CIM/PC,
CIM/PD,
CIM/PA,
CIM/PB,
CIM,
PDM,
NPKI,
MOMO,
SIFY,
OPK,
AOD,
GSBD,
BFLY,
RDWR,
HQH,
MRTN,
DEA,
DLX,
UAMY,
SBGI,
PENG,
IOVA,
HLX,
CRCT,
CCO,
MLTX,
MUC,
PHR,
AMAL,
MMI,
BBN,
AEVA,
SLDP,
JBGS,
XNCR,
EH,
CRON,
CCCXU,
CCCX,
NFGC,
NMAX,
WLFC,
PNTG,
DAKT,
BTZ,
KBDC,
ATLCL,
ATLCP,
ATLCZ,
ATLC,
OCFC,
NBTX,
NRDS,
ETW,
PLSE,
EIG,
YEXT,
PRCH,
PLYM,
VTYX,
MRVI,
GROY,
MFAN,
MFA,
MFA/PB,
MFAO,
MFA/PC,
DAWN,
SBR,
ACEL,
ELVR,
BBSI,
BHRB,
RNP,
PUMP,
JBI,
BBDC,
GHRS,
TBPH,
NMFC,
NMFCZ,
FMBH,
CII,
GOLD,
EVGO,
NEGG,
PRSU,
POET,
PML,
ASM,
LQDT,
CRF,
EEX,
SBSI,
OMER,
OMDA,
ALNT,
UVSP,
PFLT,
ESQ,
GDRX,
NBR,
FWRG,
CMP,
GO,
CPAC,
HDL,
MSEX,
ESPR,
MDXG,
CHY,
RPD,
PDS,
CGBD,
AWF,
UFCS,
GSM,
PCN,
CMPX,
BVC,
IVA,
EVER,
ASIC,
MEG,
SG,
NRGV,
BCAX,
SIBN,
BJRI,
BCSF,
INMD,
SDHC,
YB,
BKSY,
ODV,
OPFI,
LMB,
NBN,
ABUS,
CFFN,
LOT,
TROX,
GLDD,
BCX,
NRK,
AXL,
MATW,
SCSC,
CDNA,
SSYS,
RYI,
ALIT,
UVE,
TYG,
UTL,
IIIV,
ZBIO,
CLB,
ASST,
SATA,
HBNC,
GES,
TDAY,
GERN,
EQBK,
QNST,
TMQ,
YDES,
BBW,
RAPT,
WBI,
CPF,
MNTN,
CHI,
FLGT,
ITRN,
HEPS,
AMTB,
SMP,
CBLL,
AIV,
VALN,
EOI,
NBBK,
AVO,
ABX,
ABXL,
INR,
INDI,
SCHL,
FUBO,
GNK,
BW/PA,
BWNB,
BW,
SLRC,
HTD,
PHK,
HBT,
NKTR,
HRTG,
CRESY,
AMC,
BOW,
MCB,
NPK,
UDMY,
JANX,
GDYN,
VINP,
HAFC,
HFWA,
VSTS,
MQY,
KURA,
MOFG,
WOOF,
AMWD,
VIR,
EPC,
NAT,
JBSS,
ORIC,
PLOW,
BLND,
FWRD,
REAX,
TK,
THQ,
PBT,
BLDP,
GGN,
HNRG,
MBWM,
LIND,
LDI,
AXG,
AVBP,
SNCY,
FBRT,
FBRT/PE,
OPTU,
HTLD,
NXDR,
RIGL,
SES,
ASPI,
DJCO,
CAPL,
AIO,
HIPO,
KALV,
TH,
FFC,
HUYA,
BALY,
MTUS,
BFS,
BFS/PD,
BFS/PE,
FSBC,
BFST,
CNNE,
CTLP,
KRUS,
ARVN,
CCNEP,
CCNE,
LINC,
NXRT,
MCBS,
MPLT,
RR,
TRST,
KODK,
ICHR,
FOXF,
SENEB,
SENEA,
HTBK,
TEN/PE,
TEN/PF,
TEN,
ECC,
HTB,
OPY,
BRBI,
NB,
ANNX,
ERII,
RSKD,
LAES,
CAC,
MAX,
VTS,
BRSP,
GHM,
TREE,
RGNX,
MTA,
AQST,
WRLD,
EMBC,
NX,
ACDC,
CARS,
IDR,
NOAH,
UXIN,
PSNL,
INNV,
THFF,
ATXS,
CCBG,
DGICB,
HIVE,
TDUP,
RDVT,
AIOT,
AHG,
MSC,
MYE,
DNUT,
CMPS,
MPB,
MYI,
SWIM,
AIP,
DGICA,
APOG,
DSP,
APEI,
FDUS,
CTMX,
GDEN,
GPRE,
DGNX,
SKYH,
BTO,
AMSF,
BTBT,
VEL,
RA,
MEGI,
PROK,
NIE,
FBYD,
GSBC,
WLKP,
DBVT,
PRME,
ADTN,
ORRF,
BGM,
ADSE,
TRTX,
TRTX/PC,
IGR,
EBS,
ANGX,
RWTN,
RWT/PA,
RWTP,
RWTQ,
RWT,
RWTO,
PFN,
CGNT,
GDOT,
MATV,
ODC,
IVVD,
ACP,
CTKB,
SSTK,
IBCP,
LXEO,
SMBC,
JQC,
KE,
GAU,
ADAMH,
ADAMG,
ADAMM,
ADAML,
ADAM,
ADAMZ,
ADAMI,
ADAMN,
GYRE,
TCMD,
IMSR,
WDH,
SFIX,
AEHR,
GOGO,
CSV,
WYFI,
STK,
FVRR,
BOE,
CBRL,
LPTH,
GRPN,
ECX,
TIPT,
TALK,
NEWP,
NCDL,
LXU,
PRAA,
FULC,
EGBN,
KRNT,
FWDI,
NXP,
TATT,
NTGR,
BVS,
IRWD,
AOSL,
SPPP,
DRUG,
DC,
VMO,
CGEM,
SXC,
HSTM,
ITRG,
VTEX,
TBLD,
DMII,
DMIIU,
FISI,
SMBK,
BEAGU,
REPL,
SPFI,
MUJ,
OFIX,
EVTL,
IIIN,
SHEN,
LVWR,
FPH,
EMD,
CVLG,
DCBO,
SPT,
FAX,
HOVNP,
HOV,
BZH,
HIFS,
NRIM,
MBUU,
LDP,
ALTI,
FRGE,
RPAY,
DDL,
CINT,
SMWB,
MHD,
NDMO,
GOTU,
LWLG,
MSIF,
PACB,
FCBC,
CEVA,
NKX,
URG,
NWPX,
MYGN,
CRSR,
PEO,
ETD,
JBIO,
BEAG,
WRN,
CPS,
SNDA,
ANGI,
MNRO,
KFRC,
SHBI,
ALRS,
NPWR,
BWMX,
BWMN,
HZO,
ETJ,
AMN,
KRO,
ISOU,
CTO/PA,
CTO,
PLAY,
IVR/PC,
IVR,
HPP,
HPP/PC,
CCD,
NPB,
LYTS,
BCSS.U,
BCSS,
AMBQ,
VSTM,
LAB,
IIM,
CRMD,
EVAC.U,
EVAC,
FIP,
TRNS,
BCAL,
ABAT,
BUI,
BETR,
DVLT,
BLMN,
CEPF,
RMT,
MGTX,
IBTA,
FLYX,
HY,
RGR,
REPX,
GOSS,
WASH,
TXO,
NMCO,
EVMN,
MMU,
GFR,
INN,
INN/PE,
INN/PF,
GRNT,
OXM,
NGVC,
ACIC,
OWLS,
ENGN,
AVNS,
DIAX,
AVK,
CRNC,
VGM,
WEAV,
CWCO,
TBN,
BIT,
KROS,
NPCE,
ZKH,
CMCL,
FEIM,
DSU,
IFN,
UMAC,
AEXA,
CABO,
UHT,
VREX,
GAINZ,
GAIN,
GAINI,
GAINN,
CMCO,
VPG,
APPS,
HCKT,
HPK,
SLS,
BGY,
DNA,
TWI,
DRTS,
IHRT,
AHH,
AHH/PA,
GOODO,
GOOD,
GOODN,
HTT,
UROY,
BME,
KOP,
FTK,
CASS,
VKQ,
AROW,
MSB,
TCBX,
GUT,
VCV,
CANG,
KOPN,
GETY,
CCAP,
FCRX,
EIM,
CLMB,
GTN,
GTN.A,
CRD.A,
CRD.B,
ORGO,
IQI,
BHB,
UNTY,
BGB,
DIN,
KLC,
SB,
SB/PC,
SB/PD,
SABR,
MGPI,
BXC,
LBRX,
ALLT,
WIW,
CYRX,
ZEUS,
BLW,
NAGE,
FFWM,
DSGN,
BHK,
EU,
LTBR,
RMR,
SCVL,
MAMA,
PSTL,
LX,
NXJ,
MAGN,
KREF,
KREF/PA,
ABSI,
ARKO,
CRVS,
LYEL,
CTEV,
EHAB,
FUFU,
THW,
BKKT,
GHY,
GLOO,
IBEX,
PKST,
AUTL,
BDN,
FMNB,
BWBBP,
BWB,
VVR,
ACNB,
PGC,
SOHU,
SD,
NUS,
RYAM,
BLE,
PACK,
PCQ,
ASMB,
CICB,
CION,
BIOA,
LEGH,
FFIC,
OSPN,
ASIX,
KRNY,
RRBI,
ETO,
HLLY,
SRTA,
ANRO,
RBBN,
PFIS,
CHW,
WOLF,
HQL,
PRTA,
KRT,
ZVRA,
NFBK,
SIGA,
PSFE,
TROO,
ISD,
MITK,
NML,
MYD,
SMC,
KYTX,
RSVR,
ASC,
GEVO,
XNET,
STEX,
DPG,
ITIC,
KIO,
CLNE,
CHCT,
CBNK,
LENZ,
PRTH,
KRSP.U,
KRSP,
VBNK,
MTW,
OIS,
GLRE,
TCPC,
SWBI,
EXOD,
HBCP,
CDZI,
CDZIP,
NBB,
AAM,
UP,
GLAD,
KIDS,
MSBIP,
MSBI,
PKE,
CAL,
FTW.U,
FTW,
HPS,
GMRE/PB,
GMRE/PA,
GMRE,
BYND,
CGC,
NGEN,
SBC,
MLAB,
OCGN,
APXTU,
EVH,
ANSC,
ANSCU,
CYH,
BSRR,
KMDA,
LAW,
PEPG,
YORW,
GTENU,
GTEN,
FBIZ,
BBBY,
IMXI,
BCYC,
LE,
BWAY,
EBF,
MCS,
ZUMZ,
IGD,
CLPT,
CAN,
GBFH,
AGCC,
PURR,
OLP,
VLGEA,
ETB,
TCI,
JOUT,
MLR,
STKL,
FET,
CARE,
FRPH,
HELE,
NQP,
ASTL,
PANL,
NMAI,
TSAT,
FVR,
ETON,
ADCT,
FFA,
NRC,
BFK,
VERI,
SFST,
EAF,
DDI,
TRON,
EB,
ULH,
EVN,
NBP,
HKD,
FPI,
CIVB,
HPI,
DMAC,
EPRX,
DFP,
MBVI,
KOS,
CWBC,
MBVIU,
VNDA,
CCXIU,
NGS,
HSHP,
COFS,
BAND,
THM,
NMG,
IMMP,
LXRX,
LZM,
NOA,
ARQQ,
TRC,
JACK,
ALT,
BMRC,
MG,
FRA,
TOI,
NKLR,
MNPR,
OWLT,
PERI,
SNDL,
VELO,
BCARU,
BCAR,
FRBA,
RCKT,
MUA,
ATEX,
PRTC,
CLFD,
ADUR,
FDMT,
HVT.A,
HVT,
CCSI,
OPAL,
DXYZ,
ANGO,
DHIL,
SLDB,
BNTC,
ELVA,
AFJK,
AFJKU,
ORN,
WNC,
YSG,
KFII,
KFIIU,
WILC,
OBE,
DBI,
VKI,
LCTX,
WEST,
VFF,
EAD,
SHMD,
SGU,
BSVN,
ZEPP,
MVF,
TRDA,
TECX,
CERS,
GBAB,
ILPT,
LEO,
GRVY,
ALMU,
GBLI,
SGHT,
BRBS,
AENT,
PUBM,
BMBL,
CCIXU,
XPOF,
SOR,
AII,
SATL,
AKBA,
LSAK,
DVS,
BYRN,
NPAC,
IPI,
DEFT,
RXST,
PDLB,
VHI,
PNNT,
CVGW,
TTGT,
BOC,
TLS,
OBT,
CMTG,
CTRN,
NMRA,
CODI/PB,
CODI/PC,
CODI,
CODI/PA,
CBAN,
API,
ENTA,
ESEA,
VSTA,
MYN,
NATR,
GPAT,
MBI,
MBAV,
LXFR,
SUPX,
RDAG,
AVXL,
TACOU,
TACO,
WTBA,
WENNU,
WENN,
PFL,
PSBD,
NEXN,
SCM,
CMDB,
DAVA,
GCBC,
RM,
JRI,
TITN,
ONIT,
GNE,
CTGO,
VENU,
NATH,
HIX,
EGY,
IONR,
EVI,
SAR,
HELP,
AGL,
AIRO,
ELLO,
BWFG,
FCEL,
EOLS,
MEC,
FOF,
AMCX,
XOMAO,
XOMA,
XOMAP,
YRD,
AUNA,
NWAX.U,
LND,
CNCK,
GPRK,
BACQ,
BACQU,
USNA,
EDD,
RMNI,
NEWTH,
NEWTG,
NEWT,
NEWTI,
NEWTP,
NEWTZ,
NNDM,
BBCP,
ALUB.U,
KNOP,
DH,
SLP,
CZNC,
FCRS,
FCRS.U,
JFIN,
ISBA,
DCTH,
RBB,
SPIR,
NFE,
CAEP,
XFLT,
KTF,
SDHI,
SDHIU,
NCMI,
KFS,
NCV,
KBONU,
HIO,
CCII,
CCIIU,
MOV,
NC,
CGCTU,
CGCT,
TACHU,
USCB,
XFOR,
CDRO,
TACH,
GIGGU,
GIG,
ZTR,
TWN,
SVC,
ACTG,
NAN,
IPCX,
IPCXU,
ASLE,
BGR,
LANDM,
LANDP,
LAND,
LANDO,
SCD,
ACCO,
PPT,
AREC,
HPF,
BDCI,
BDCIU,
HYLN,
OTLY,
DMAA,
DMAAU,
KCHVU,
KCHV,
MTLS,
CRANU,
CEPT,
SMRT,
MCFT,
FMAO,
LWAY,
ELA,
MESHU,
VALU,
BLZR,
BLZRU,
MIY,
GRAF.U,
WW,
PTLO,
TLNCU,
TLNC,
RTAC,
RTACU,
CHSCN,
CHSCO,
CHSCL,
CHSCM,
CHSCP,
CARL,
OYSE,
ZURA,
APXT,
TBRG,
DOMO,
CD,
MTRX,
ACIU,
ATNI,
AVBC,
ZKPU,
PBFS,
ASG,
ORBS,
ONTF,
BGIN,
SOPH,
VACH,
VACHU,
CMRC,
AWP,
ARTNA,
RWAYZ,
RWAY,
RWAYL,
MLP,
CTNM,
ALLO,
RCC,
RCD,
RC/PE,
RCB,
RC/PC,
RC,
CLDT,
CLDT/PA,
ISSC,
HFRO,
SITC,
BGS,
GIWWU,
GIW,
XRX,
FRST,
MPX,
CHACU,
CHAC,
FJET,
DDD,
AMRN,
AZ,
MVBF,
BFZ,
SPXX,
LOCO,
CV,
AURA,
CUB,
CUBWU,
SIMA,
SIMAU,
OEC,
CLLS,
RLMD,
SSP,
TVA,
TVACU,
PCAP,
PCAPU,
MLAC,
STRT,
XRPNU,
XRPN,
CAMP,
LNKB,
DENN,
NECB,
ARDC,
FERAU,
FERA,
DRDB,
DRDBU,
KELYA,
KELYB,
PACH,
PACHU,
PMTRU,
PMTR,
OOMA,
NVX,
OBAWU,
OBA,
OFLX,
BRR,
CEPV,
CRAQU,
CNDT,
EVOX,
EVOXU,
CRAQ,
SMLR,
AARD,
VCIC,
GCO,
RLGT,
FSBW,
KOYN,
KOYNU,
PKOH,
ALDF,
CCIX,
AVTX,
PCB,
MHN,
PLBC,
AFB,
QUAD,
TEI,
VOXR,
ATGL,
BCML,
PBYI,
CLYM,
SVAC,
SVACU,
BGT,
RNGTU,
RNGT,
POLEU,
POLE,
COSO,
GLSI,
CAF,
CLW,
SI,
WSBF,
VACI,
VACI.U,
NVEC,
PROF,
DSM,
ANDG,
NWFL,
ALF,
TLSI,
PHOE,
ATII,
RNGR,
IMRX,
LPAA,
HDSN,
NCA,
NBH,
CADL,
PMO,
MENS,
QTRX,
BGH,
BIXIU,
ARTCU,
LWAC,
AGD,
FBRX,
EFT,
ANPA,
LPBB,
CBIO,
ZH,
MIN,
SPMC,
EGAN,
NLOP,
MXF,
AEF,
CBK,
FNLC,
USAU,
CPZ,
HRZN,
OTGAU,
OTGA,
LOKVU,
LOKV,
GRRR,
BRW,
JENA.U,
JGH,
FHTX,
RFI,
WEYS,
JENA,
FSTR,
BLZE,
HVMCU,
HVMC,
TDF,
HNST,
AVBH,
STTK,
PKBK,
GSRFU,
OSG,
GSRF,
YDDL,
OIA,
JRVR,
ACHV,
LFCR,
SENS,
ACRS,
AFRI,
TARA,
NGNE,
ZIP,
GASS,
MVIS,
GUTS,
BKTI,
LRMR,
ARMP,
TSBK,
PLG,
EM,
RENT,
NHIC,
NHICU,
MMD,
RCS,
BACCU,
BACC,
ALUB,
AACB,
AACBU,
ACV,
PAL,
BYM,
ADV,
CZFS,
BNED,
XPER,
PALI,
III,
CIX,
AVIR,
MBCN,
JMSB,
SBXE.U,
NL,
EIC,
NAUT,
VOR,
DBL,
INV,
JACS,
SIDU,
EVC,
BRT,
NVA,
FLWS,
GLDG,
SOUL,
CVEO,
ABEO,
TVAIU,
BLUWU,
BLUW,
AXINU,
AXIN,
NODK,
TVAI,
MITT/PB,
MITT,
MITT/PC,
MITT/PA,
MITN,
MITP,
VMD,
ALCO,
PAII,
PMM,
EMF,
SLN,
APAD,
APADU,
GDEV,
BKT,
OBIO,
PDYN,
VUZI,
OABI,
NCZ,
ASPN,
AVNW,
SPOK,
PNRG,
JCE,
GSIT,
MRAM,
EOT,
TII,
HVIIU,
HVII,
SBXD,
HERE,
QSI,
KRMD,
PCYO,
NIU,
CCRN,
IMMX,
PAYS,
HYAC,
ISTR,
ACRE,
CEPO,
DNMX,
DNMXU,
EGHT,
FUND,
TPVG,
SJT,
ASUR,
ERC,
BLFY,
SNWV,
TCX,
TG,
OACC,
WNEB,
MCR,
OACCU,
PESI,
PPIH,
GEOS,
CHMG,
FCT,
SY,
BZAI,
FBLA,
WLACU,
TBCH,
NUW,
RIV,
REFI,
SEG,
DSACU,
MMT,
EOD,
VGZ,
MYFW,
TRX,
FACTU,
FACT,
ARL,
OVLY,
HCMA,
HCMAU,
XWIN,
BRCC,
PLMK,
INSE,
FVCB,
THRY,
HYI,
BNR,
MPAA,
ALDX,
GLO,
BBCQU,
XYF,
GDC,
VNME,
VNMEU,
FDBC,
AIRJ,
RMAX,
PAMT,
FTF,
MEI,
TVE,
TVC,
OPRX,
BNC,
TWIN,
BNY,
NREF,
NREF/PA,
FENC,
SLQT,
TSSI,
MDWD,
KLTR,
GRAF,
FUNC,
SKYX,
PSF,
LTRX,
KINS,
ELME,
RXT,
AUDC,
MKLY,
MKLYU,
ELMD,
PINE,
PINE/PA,
GWRS,
MFIN,
STXS,
CIA,
GPRO,
ACB,
LMNR,
GTERU,
GTERA,
USBC,
SAC.U,
BPRN,
FINW,
IGACU,
MCGA,
MCGAU,
FRAF,
MLCI,
AMBR,
INVZ,
SSSSL,
SSSS,
GPACU,
LIEN,
AEAQU,
SOCA,
SOCAU,
PRE,
LCNB,
MKTW,
SABA,
NTHI,
IIF,
RAAQ,
LEGT,
LEGT.U,
OPRT,
DAAQU,
DAAQ,
IRHOU,
TSI,
LANV,
LGI,
HRTX,
TDWD,
TDWDU,
HITI,
CRMT,
VHCPU,
NEN,
NHS,
FCCO,
WTI,
FXNC,
OGI,
MACI,
MACIU,
ADACU,
ITHAU,
TDAC,
LPCVU,
TWLVU,
FSFG,
LATA,
LATAU,
SNFCA,
ETHM,
ETHMU,
RDNW,
RCKY,
DYORU,
DYOR,
HBB,
NVCT,
JILL,
CFFI,
HUMA,
VYGR,
YMT,
CRACU,
CRAC,
MNTK,
MQT,
BIXI,
MFM,
SMTI,
REKR,
MVT,
HWBK,
UIS,
LOVE,
AOMR,
AOMN,
AOMD,
CVRX,
RAC,
MUE,
PRQR,
JRS,
DFDV,
ONCHU,
ONCH,
ANTA,
FFAI,
RZLT,
VABK,
NYXH,
DOUG,
SZZL,
SZZLU,
FLXS,
FLX,
SORNU,
RICK,
FNKO,
NKSH,
RAIL,
EWCZ,
OPBK,
OSS,
DSX/PB,
DSX,
RGCO,
SDA,
DPRO,
FOA,
IMDX,
TAYD,
FC,
TKNO,
RILYK,
RILY,
RILYP,
RILYT,
RILYL,
RILYG,
RILYZ,
RILYN,
EFSI,
SCAG,
ONEW,
CRDF,
DIBS,
OZ,
CCCC,
IMMR,
TRAK,
SWKHL,
SWKH,
RNAC,
CBNA,
POWW,
POWWP,
NHPBP,
NHPAP,
GSHR,
STRS,
FOSL,
DHY,
EDIT,
CABA,
CATX,
ATLO,
RDCM,
HAVAU,
EARN,
EGHA,
BHR,
BHR/PD,
BHR/PB,
PDPA,
IPOD,
JELD,
DOYU,
VWAV,
GALT,
SVAQU,
DUOT,
SHIP,
ZNTL,
TOYO,
NPV,
TRVG,
DMB,
JAKK,
ALTS,
OMSE,
CPSS,
NERV,
LPRO,
MRBK,
ETX,
IKT,
FT,
CXDO,
SRFM,
PLBY,
GENC,
AVR,
CURI,
SPCE,
SKIN,
ENLV,
SEVN,
NRDY,
DERM,
MPV,
PEBK,
MASS,
INGN,
LKSP,
SRG/PA,
SRG,
FIGXU,
FIGX,
BKN,
AREN,
LKSPR,
LKSPU,
ESCA,
TNXP,
EHI,
GF,
CMCM,
LUD,
ALEC,
WIA,
OVBC,
LFMD,
LFMDP,
ARCT,
AIIA.U,
TRUE,
AIIA,
NNOX,
REI,
NRO,
GIFI,
COPL,
PNBK,
NUAI,
OSUR,
NXG,
COPL.U,
SAMG,
VPV,
STRZ,
WALD,
TMCI,
GAMB,
CRNT,
SUUN,
NAKA,
UTMD,
OPP,
NTWO,
INBKZ,
INBK,
LODE,
ASYS,
ALTG,
ALTG/PA,
MIST,
HCACU,
ALTO,
HUHU,
AMPY,
MPTI,
CHRS,
DHF,
SRV,
SABS,
SMID,
FLC,
ACH,
FTCI,
INFU,
NXDT,
NXDT/PA,
RDZN,
IGAC,
UBFO,
IGA,
SLND,
TONX,
BSL,
CZWI,
GHG,
SPWR,
AMCI,
VBF,
TLSA,
FCAP,
DGXX,
GHI,
LZMH,
EMPD,
STRW,
TTEC,
PERF,
CBFV,
HCAT,
BRLT,
SGMT,
BLRKU,
CHECU,
CHEC,
CFBK,
SRI,
VTVT,
SMHI,
TWLV,
VTN,
SLNH,
SLNHP,
MRT,
RANI,
RFAI,
KF,
CMT,
PNI,
SLMT,
IMPP,
IMPPP,
CMTL,
RANGU,
ESGL,
SND,
TNYA,
RANG,
SVCC,
MOLN,
IPHA,
CHPT,
TAVI,
SNBR,
IBAC,
ECF,
RFAIU,
COE,
HNVR,
BZUN,
SRZN,
WHG,
NNY,
WHF,
WHFCL,
ALPS,
MERC,
SCE/PG,
SUIG,
WLAC,
MDXH,
BVFL,
LUCD,
ACU,
PIM,
LARK,
PLX,
RGP,
EBMT,
NMPAU,
NMP,
SANG,
VLN,
ANNA,
SGC,
GGT,
BDTX,
FORR,
CRBU,
HAVA,
INSG,
WTF,
PMTS,
EMIS,
BANX,
QIPT,
MXCT,
CIK,
BCIC,
ARQ,
PRLD,
LAFAU,
LAFA,
AVX,
DOGZ,
SLGL,
KULR,
IPSC,
SPEGU,
MNSB,
MNSBP,
SPEG,
GRX,
SCIIU,
ACNT,
CGEN,
IPEX,
IPEXU,
PFD,
FNWD,
HQI,
MAMO,
AHMA,
ZJK,
CDXS,
EGG,
SGMO,
GTE,
RELL,
ECBK,
EDF,
NXXT,
MHF,
MSD,
TGEN,
BIII.U,
NKTX,
GLQ,
ACR,
ACR/PD,
ACR/PC,
KPTI,
QNCX,
BEBE.U,
BOOM,
LFACU,
RCMT,
GORO,
BGX,
INACU,
INAC,
EVG,
MDV,
MDV/PA,
YCY,
MBOT,
YCY.U,
CNTX,
CRBP,
MPA,
HPAI,
ACTU,
RMBI,
FTLF,
OXSQ,
OXSQG,
OXSQH,
WRAP,
KVHI,
SXTC,
ISPR,
SPRO,
ELTX,
BWG,
RPID,
DMRC,
STEM,
FF,
ACOG,
BSET,
APYX,
UPXI,
OCCI,
DBGI,
NAZ,
XGN,
MCRB,
LNSR,
ESOA,
SIEB,
BCBP,
FRD,
ZVIA,
CITR,
LVRO,
AIRS,
KLRS,
IRD,
IXHL,
ANIK,
EDAP,
TTRX,
ZENA,
ORMP,
CAAS,
SVCO,
CLAR,
JHS,
DLNG,
DLNG/PA,
SERA,
TBI,
MRCC,
FBIOP,
FBIO,
BTCS,
BCV,
PDEX,
SBFG,
STIM,
ESP,
ATLX,
MAPS,
TCGL,
RBKB,
ARBE,
JYNT,
WEA,
CURR,
GCL,
EXFY,
UNCY,
NIPG,
CCLDO,
CCLD,
ELDN,
HYFT,
LGCY,
MB,
HSDT,
NPT,
OPTX,
MCN,
VRCA,
BTA,
OMEX,
IDN,
TORO,
WHWK,
AGEN,
SEV,
QUIK,
SHIM,
DMO,
GNT,
SRBK,
EHTH,
CGTX,
FLD,
AFBI,
VFL,
FGNX,
FGNXP,
ATRA,
SUNS,
CNTB,
HOFT,
PFO,
GPUS,
GPUS/PD,
PMI,
AEI,
RPT/PC,
RPT,
AKA,
USGO,
GGZ,
ONL,
OVID,
PELI,
FATE,
CHCI,
NEOV,
KGEI,
CTW,
COOK,
MED,
IHD,
MRNO,
JHI,
IAF,
PCSC,
ABVE,
PAI,
GRO,
BUUU,
CXE,
BAER,
EPM,
FONR,
SPAI,
NIM,
QSEAU,
QSEA,
GLU,
BHM,
CGO,
BEEP,
AEYE,
HFFG,
BHST,
HYNE,
PDCC,
MMLP,
BTMD,
CEE,
LSBK,
PGAC,
PGACU,
CHAR,
PCF,
QUMSU,
CSPI,
CURV,
QUMS,
SSTI,
MGYR,
FGBI,
FGBIP,
LHAI,
MGNX,
CODA,
SCLX,
PLCE,
ABOS,
ANIX,
ARTV,
CRGO,
UNB,
SFBC,
AISP,
CBUS,
TYGO,
EML,
AP,
INO,
GRAN,
BLNK,
EP,
SBI,
HAIN,
BSBK,
RPTX,
AOUT,
KVAC,
ATLN,
GPMT/PA,
GPMT,
ICG,
VIOT,
YTRA,
SLSN,
AMTX,
AVD,
ZNB,
WWR,
NMT,
COYA,
ONCY,
PGP,
KEQU,
YOUL,
SRL,
FURY,
QMCO,
THAR,
SWZ,
NMI,
PROV,
SEAT,
HURC,
RVSB,
PROP,
AXR,
CHGG,
SEER,
STHO,
MATH,
ERH,
AIIO,
BTM,
ANVS,
FGMC,
FGMCU,
SCPQU,
OPTT,
GNLX,
SAVA,
BUDA,
INTT,
VIRC,
ULBI,
OPXS,
SPKLU,
CHPGU,
CHPG,
JLS,
LIDR,
POAS,
ARAY,
WSBK,
CTM,
STRO,
WKEY,
CRDL,
RCEL,
SNT,
IH,
LGO,
SNCR,
SKBL,
CCIF,
MX,
ARAI,
XBP,
MGF,
NOEM,
IGI,
ENJ,
ENO,
UHG,
XTNT,
NCTY,
DTSQ,
GECCG,
GECCH,
GECCI,
GECCO,
GECC,
NCSM,
DTSQU,
DTIL,
BARK,
EVF,
EPSN,
BMHL,
HYPR,
CTOR,
HOVR,
HSPTU,
HSPT,
VANI,
GNSS,
VRM,
GRWG,
FSP,
BMEA,
PEW,
AEC,
GDL,
SPRU,
TUSK,
CSBR,
CHMI/PB,
CHMI,
CHMI/PA,
RSSS,
GANX,
DWTX,
PCG/PH,
PCG/PD,
PCG/PB,
PCG/PE,
PCG/PI,
PCG/PA,
PCG/PC,
PCG/PG,
DTI,
ETHZ,
RMI,
PZG,
FLL,
FNWB,
GAIA,
HIT,
LCCCU,
LCCC,
MGRT,
AUBN,
CMU,
LCUT,
PYXS,
TSQ,
VGI,
JFB,
IROQ,
GMGI,
PFXNZ,
GENK,
DCGO,
CHSN,
MMTXU,
VRA,
PBHC,
PFX,
MMTX,
RGT,
BURU,
FSI,
GDO,
FMN,
ORIQU,
OKYO,
ORIQ,
BWEN,
LAKE,
FLNT,
LUNG,
PTHS,
MHH,
DLTH,
KRRO,
ELBM,
SILC,
EUDA,
BIOX,
GCV,
OM,
VGAS,
AMWL,
NXC,
VHC,
ATOS,
JFU,
ALISU,
STG,
SLNG,
YHNA,
UBCP,
KORE,
ALIS,
IAE,
CAPN,
COEP,
FEAM,
TOUR,
NEXM,
FDSB,
LPA,
ZTEK,
BOTJ,
LFVN,
NTIC,
DRIO,
CDLX,
COLAU,
COLA,
TENX,
JLHL,
BEAT,
INVE,
EXOZ,
GEGGL,
GEG,
XBIT,
DHX,
DMA,
FUSB,
PLRX,
APAC,
PSTV,
APACU,
IMA,
MAYS,
DTF,
SSBI,
ROMA,
FVNNU,
FVN,
ENTX,
HTCO,
IMUX,
DLHC,
SFWL,
ZOOZ,
QVCGP,
QVCGA,
PRPL,
CBAT,
FNGR,
SPRB,
MIND,
HNNAZ,
HNNA,
UYSC,
UYSCU,
MYPS,
NA,
NSPR,
SQNS,
SKIL,
ASPS,
LSE,
ADAG,
SMJF,
MOB,
AGIG,
ACET,
TVGN,
KZIA,
CPHC,
MCHX,
GLV,
CALC,
SSEA,
KNDI,
THCH,
UAVS,
CGTL,
BSAA,
STSS,
ATHR,
LFT/PA,
LFT,
BPACU,
IZEA,
BYFC,
ATOM,
IOR,
BENF,
PCM,
RRGB,
WTG,
PYPD,
VLT,
IFRX,
TZOO,
RITR,
CRVO,
SRTS,
PODC,
BRID,
NRT,
CPIX,
VATE,
SORA,
CPBI,
CEV,
DOMH,
SGA,
ATYR,
MTC,
EEA,
PETS,
SPKL,
NUKK,
LFS,
MCRP,
DXR,
UFI,
ALOT,
ZBAI,
BODI,
MNOV,
ALAR,
CATO,
AMPG,
ZONE,
DIT,
NRXP,
EQ,
BGL,
NMS,
WIMI,
PGZ,
RIBB,
TGE,
CCG,
AURE,
ALXO,
KG,
TCRX,
SKLZ,
DDC,
NSTS,
OFSSH,
OFSSO,
OFS,
MGX,
SOTK,
NNBR,
CXH,
FORA,
CYPH,
MLGO,
CSTE,
BYSI,
CPSH,
CLST,
HOUR,
MPU,
UCL,
LIVE,
AFCG,
XCH,
ALGS,
XPL,
PMVP,
RFL,
STKS,
NOMA,
TISI,
GCTS,
ICR/PA,
MIRA,
TRT,
RCT,
RFIL,
INTG,
WYY,
ODYS,
RDACU,
RDAC,
RSF,
CLPR,
CVGI,
CLNN,
STKE,
MAIA,
OAKU,
MREO,
NSRX,
LINK,
HKIT,
ACRV,
SYPR,
ONMD,
AAME,
STI,
ZEO,
ELTK,
ASRT,
PVL,
FSEA,
ESLA,
KBSX,
RGS,
BDL,
ICCC,
AIRE,
RADX,
TEAD,
CVU,
BPAC,
UBXG,
EJH,
GRCE,
PARK,
ATHE,
INKT,
XTIA,
PPSI,
WFCF,
SELF,
OESX,
BGSF,
PASG,
WSTN,
JMM,
PSQH,
BRAG,
OPAD,
INCR,
LITM,
HFBL,
GMHS,
MNY,
DSWL,
LITS,
ABVC,
MXE,
PDSB,
ANL,
OSTX,
FSHP,
FSHPU,
YXT,
ZYBT,
NTRB,
HLP,
ISPO,
ASRV,
LOOP,
TPCS,
NEPH,
SPWH,
INDO,
RJET,
AGH,
IBIO,
DWSN,
SOS,
EURK,
NAMM,
PED,
GNS,
HMR,
ALCY,
ALCYU,
LOAN,
ACFN,
AIRTP,
SOGP,
RMCO,
FMY,
VTSI,
BRFH,
GROV,
MAXN,
FKWL,
RDGT,
TLPH,
OTH,
TLYS,
AIRT,
FTEK,
DXLG,
FUSE,
TIL,
ASPC,
ASPCU,
OPHC,
ZENV,
LASE,
LICN,
YYAI,
SLGB,
SACH/PA,
SCCG,
SACH,
SCCF,
ESHA,
VOC,
CRT,
NRXS,
CVM,
BKHAU,
NAMI,
TCBS,
MDIA,
DFLI,
ANEB,
TELO,
MDAI,
LOCL,
BLNE,
TELA,
EMAT,
AIRG,
APT,
ICCM,
AXIL,
ZDGE,
NTRP,
YIBO,
LPSN,
VNCE,
UEIC,
NXN,
KSCP,
NXTC,
KZR,
TWNP,
CIGL,
CHAI,
BDMD,
LVO,
BKHA,
KXIN,
RAVE,
CNTY,
JSPR,
LITB,
GAME,
SST,
GGR,
HURA,
PLUT,
AIFU,
NMTC,
RYM,
FOFO,
BLBX,
ATNM,
RDI,
RDIB,
HGBL,
BDSX,
SOHOO,
SOHOB,
SOHO,
SOHON,
CULP,
UONE,
UONEK,
CMBM,
QTTB,
WBX,
GRF,
BTAI,
BRIA,
BCG,
ACCL,
VNRX,
HOLO,
UPLD,
VVPR,
REFR,
DTCX,
CTSO,
BOF,
RNXT,
RVPH,
FTHM,
AWRE,
LPCN,
GMM,
SCWO,
KLXE,
QETA,
ZJYL,
MGLD,
PHUN,
QRHC,
COHN,
MSGY,
KOSS,
JG,
INMB,
BAYA,
PRPO,
IOBT,
PXLW,
PMEC,
ECOR,
UFG,
INUV,
SCOR,
FCO,
ICMB,
TAOX,
TVRD,
JRSH,
CNVS,
SVRN,
MDCX,
RYET,
ATCH,
LHSW,
TOON,
CLIR,
OKUR,
OTLK,
SMXT,
TACT,
RMTI,
DTST,
OCC,
XLO,
GOCO,
ONEG,
LTRN,
USIO,
MYO,
USEG,
NHTC,
XCUR,
MODD,
RYDE,
KYNB,
CPOP,
NTWK,
SAFX,
GBIO,
POM,
VERU,
INLX,
BLIV,
GWH,
STRR,
STRRP,
HTLM,
EPSM,
EDRY,
SDST,
BIRD,
DXST,
CELU,
ANTX,
WGRX,
CNF,
KFFB,
CUE,
MDBH,
ACCS,
JUNS,
PRTS,
SPCB,
SURG,
FEMY,
NDLS,
DYAI,
APWC,
WAVE,
SIF,
MBBC,
WPRT,
MRKR,
TBMC,
FARM,
CING,
RGNT,
CREX,
GLBS,
BRLS,
GIFT,
ELWT,
RAND,
FLUX,
SWAG,
NXTT,
SKYE,
BZFD,
IINN,
KPLT,
BEEM,
SJ,
ORGN,
GLTO,
TDTH,
POCI,
EVAX,
ABLV,
RAIN,
SNAL,
RNTX,
FMST,
NEON,
NTZ,
PRT,
EPOW,
PXS,
LGL,
SELX,
BOSC,
LNZA,
GROW,
MFI,
YSXT,
HERZ,
BAFN,
FATN,
BRNS,
YQ,
CIF,
VNTG,
HOWL,
NTIP,
CRWS,
KMRK,
GSIW,
VEEA,
LEE,
HCHL,
BMR,
DAIO,
PRZO,
LIXT,
RLYB,
FOXX,
RYOJ,
AMOD,
SMX,
ELUT,
IPWR,
BOLD,
KTCC,
IGC,
KTH,
TSE,
CCEL,
HBIO,
PTN,
CREG,
TBHC,
QNTM,
AHT/PD,
AHT,
AHT/PH,
AHT/PI,
AHT/PG,
AHT/PF,
UG,
AACG,
DSY,
TOP,
SNTI,
ATHA,
DARE,
ANGH,
CLPS,
HYPD,
WYHG,
SER,
SCYX,
NRSN,
PLUR,
CVV,
VTGN,
EKSO,
GNTA,
WCT,
REED,
FEDU,
KITT,
KWM,
AYTU,
ZBAO,
MDRR,
NAII,
NOM,
MGN,
PSHG,
PFAI,
ORIO,
NNVC,
NOTE,
INTS,
MOBX,
BTOC,
VRAR,
LSF,
TOPS,
CHOW,
AERT,
GREEL,
GREE,
IZM,
MNDO,
ZGM,
INTZ,
REE,
APLM,
KLTO,
SPHL,
SVRE,
WNW,
RECT,
YI,
PIII,
MKDW,
XOS,
PLAG,
LGPS,
ARKR,
NYC,
JL,
SAGT,
TXMD,
UTSI,
NIXX,
BCAB,
RVP,
SWVL,
AUST,
MLSS,
AGPU,
EBON,
TLF,
COOT,
SCNX,
CETX,
FENG,
LIMN,
JOB,
LRE,
MXC,
HUIZ,
FBLG,
OMH,
NEUP,
FIEE,
IDAI,
JVA,
HHS,
NOTV,
NSYS,
SGRP,
PLRZ,
SOPA,
GYRO,
LNAI,
KTTA,
ELPW,
LGCB,
PN,
SNYR,
CISO,
NWGL,
APUS,
RVSN,
YHC,
IRIX,
CYN,
CTRM,
CCM,
WETH,
MI,
ADGM,
KAPA,
EHLD,
COCH,
MYND,
VVOS,
LSH,
QCLS,
EONR,
COSM,
DLPN,
MWYN,
TRSG,
HIND,
MTVA,
YAAS,
SLAI,
ASTI,
NINE,
FTRK,
ROLR,
ALLR,
BATL,
CKX,
VYNE,
GAUZ,
WKSP,
IMG,
EQS,
CTXR,
WETO,
MOGU,
MSAI,
GTEC,
SAIH,
CVKD,
CLGN,
RBOT,
PMN,
NXGL,
LSTA,
ITRM,
RCG,
ELWS,
RCON,
KALA,
MNTS,
VBIX,
BGI,
MSGM,
HUDI,
LVLU,
LEXX,
TOPP,
BNAI,
NCEW,
LIQT,
HOTH,
TMDE,
IHT,
LEDS,
BHV,
BTOG,
CLIK,
TJGC,
GIGM,
LESL,
CASI,
SPPL,
AQMS,
BNGO,
TOMZ,
IPM,
CSAI,
EDTK,
NXPL,
SFHG,
BTCT,
MGIH,
OSRH,
AIRI,
ALUR,
BTTC,
USEA,
CABR,
RMCF,
PT,
AUID,
PMNT,
GDTC,
INTJ,
MGRX,
MRM,
SBDS,
GRDX,
MTEX,
COCP,
ELSE,
AIFF,
FTFT,
NCNA,
WVVI,
WVVIP,
ZSPC,
SINT,
MMA,
SMSI,
GRNQ,
BNKK,
MWG,
BNZI,
YYGH,
SNGX,
APLT,
BRN,
MVO,
DLXY,
ASBP,
ELOG,
GFAI,
SYBX,
IPST,
VSEE,
AMS,
TPST,
CENN,
PSIG,
CVR,
CLRB,
BCDA,
AGAE,
SNSE,
SRXH,
SEED,
TRIB,
INBS,
ABTS,
BCTX,
ORKT,
IQST,
JBDI,
TKLF,
ZCMD,
LGVN,
NXL,
AIXC,
AEON,
CAPT,
DAIC,
BLRX,
IMNN,
JYD,
GTIM,
CODX,
VRME,
PHIO,
PASW,
MBRX,
EFOI,
EDSA,
AIMD,
FLYE,
AGRZ,
JCSE,
BMGL,
TURB,
MBAI,
FEBO,
EDUC,
SKYQ,
MSW,
SGBX,
ENGS,
WKHS,
BON,
ARTW,
WFF,
TLIH,
SNES,
LFWD,
FBGL,
FGI,
MTEK,
CLRO,
ANY,
NCRA,
BANL,
HCAI,
TRAW,
UUU,
TBH,
BOLT,
INAB,
TIRX,
TNON,
CMMB,
WATT,
YHGJ,
ABP,
CRIS,
CXAI,
ERNA,
YCBD,
HUBC,
TGHL,
PTLE,
BRTX,
HSCS,
MYNZ,
AZI,
PETZ,
SSM,
HWH,
CURX,
GLXG,
AWX,
TGL,
CYCU,
RBNE,
ARBB,
OXBR,
INEO,
NVNI,
ADXN,
NTCL,
NCEL,
STAI,
BLIN,
YMAT,
RPGL,
CCHH,
BIVI,
EVGN,
REBN,
CWD,
BFRI,
CLWT,
HAO,
BFRG,
SUGP,
PMCB,
MIMI,
LUCY,
GELS,
AKTX,
PCLA,
CIIT,
ICU,
BBGI,
EDHL,
HYFM,
BTBD,
AMST,
GXAI,
MKZR,
ALZN,
BQ,
APM,
PRSO,
XPON,
MSN,
JCTC,
APVO,
IFBD,
PULM,
HKPD,
MARPS,
DSS,
UCAR,
BMRA,
JZ,
PRHIZ,
PRHI,
PFSA,
ILAG,
ATER,
MBIO,
KRKR,
CLDI,
ZKIN,
MSS,
SCKT,
IPW,
CHR,
MYSE,
AMBO,
WLDS,
KPRX,
PTHL,
MTR,
GOVX,
HTCR,
AMZE,
SLE,
TCRT,
SYNX,
SSKN,
IMRN,
PCSA,
TOVX,
FATBB,
FAT,
FATBP,
QNRX,
NWTG,
HXHX,
JXG,
ADVB,
XAIR,
FLGC,
CYCN,
IMCC,
EHGO,
HTOO,
TPET,
EEIQ,
FCUV,
RNAZ,
FRSX,
GIBO,
RMSG,
CRE,
GTBP,
PAVM,
TWAV,
WAFU,
LOBO,
DTSS,
BNBX,
FAMI,
DKI,
MITQ,
PPBT,
BGLC,
GLE,
OFAL,
NVNO,
ATON,
ULY,
NCT,
RAY,
ACXP,
RDHL,
CPHI,
LYRA,
SBFM,
BGMSP,
BGMS,
LMFA,
APRE,
SLXN,
XTLB,
BKYI,
ETS,
ZDAI,
ADIL,
XXII,
TNMG,
IOTR,
SNOA,
PPCB,
ASTC,
INHD,
YJ,
IPDN,
CELZ,
LDWY,
VS,
NVVE,
MOVE,
SKK,
TANH,
DUO,
IBO,
MEGL,
SOWG,
XELB,
KIDZ,
TDIC,
DEVS,
FMFC,
LGCL,
SMTK,
IVDA,
YDKG,
GURE,
CJMB,
BIAF,
GDHG,
HIHO,
LCFY,
CAPS,
SNTG,
ALBT,
BYAH,
BTQ,
RVYL,
IBG,
CANF,
NCL,
RETO,
RELI,
ACON,
AIXI,
TWG,
HCWC,
AEHL,
NCPL,
VIVS,
NDRA,
GV,
REVB,
BIYA,
SGLY,
OLB,
INDP,
DCOY,
SOAR,
SILO,
JEM,
AIHS,
MIGI,
SQFTP,
SQFT,
NCI,
PMAX,
XBIO,
SPRC,
AKAN,
WXM,
NISN,
MASK,
DFSC,
SONM,
FCHL,
VMAR,
LNKS,
SBLX,
NITO,
GLMD,
AREB,
MTNB,
GNPX,
ONFO,
CHNR,
JWEL,
ATXG,
VCIG,
POLA,
VEEE,
CDIO,
AGMH,
ATPC,
BAOS,
UGRO,
FTEL,
GWAV,
CNET,
CDTG,
STAK,
XHLD,
ENVB,
XRTX,
MTEN,
WAI,
XTKG,
GIPR,
JAGX,
GBR,
VSTD,
ITP,
ASNS,
VSME,
CTNT,
ENSC,
AIM,
RKDA,
CETY,
SDOT,
DTCK,
CNSP,
SUNE,
CMND,
EDBL,
MEHA,
OGEN,
INM,
AQB,
WHLRP,
WHLRD,
WHLRL,
WHLR,
SHFS,
WBUY,
CUPR,
GCTK,
AMIX,
PHGE,
TIVC,
VTAK,
INLF,
PRFX,
CCTG,
FRGT,
HCWB,
CREV,
RAYA,
NUWE,
AZTR,
MLEC,
ARTL,
ISPC,
HCTI,
SOBR,
AUUD,
WORX,
JTAI,
MYSZ,
PW,
PW/PA,
PAPL,
MNDR,
TRNR,
SEGG,
GVH,
GITS,
SHPH,
GRI,
GSUN,
VERO,
FGL,
ELAB,
BBLG,
JDZG,
VRAX,
FEED,
ONCO,
XWEL,
PAVS,
CMCT,
NAAS,
JZXN,
GP,
CDT,
RIME,
AEMD,
UPC,
EVTV,
LBGJ,
GNLN,
TRUG,
JFBR,
CNEY,
DRMA,
SBEV,
RUBI,
UOKA,
SXTP,
IVF,
BNRG,
DRCT,
KUST,
SGN,
WTO,
VSA,
DCX,
IVP,
IMTE,
RENX,
EZGO,
UK,
STFS,
BOXL,
STKH,
ARBK,
PBM,
BDRX,
TAOP,
LRHC,
ORIS,
TC,
BJDX,
QH,
CISS,
XHG,
NIVF,
SCNI,
ECDA,
DXF,
OCG,
LGHL,
ADTX,
LXEH,
WOK,
JMG,
TPTA,
SAJ,
EAI,
OPP/PC,
ATH/PE,
IDE,
OXLCL,
OXLCI,
MCI,
WDI,
BPYPP,
SEAL/PA,
SCE/PM,
OXLCZ,
OCCIO,
JOF,
TRTN/PC,
ATHS,
OAK/PB,
PAXS,
TRTN/PF,
GGT/PE,
BTX,
GUG,
ICON,
BPRE,
BMN,
TRTN/PE,
KTN,
TECTP,
BANFP,
CDR/PB,
ECCW,
ECF/PA,
TRTN/PD,
TMUSZ,
MHLA,
OXLCN,
TMUSL,
HTFB,
GPJA,
GJP,
HFRO/PA,
ECC/PD,
OAK/PA,
GLU/PA,
DLY,
SAY,
BEPJ,
EICC,
ECCV,
SCE/PN,
SAT,
SCE/PK,
CDNL,
BCAT,
RFM,
RIV/PA,
OPP/PB,
SAZ,
GLOP/PC,
EMP,
PDO,
EP/PC,
GAB/PH,
MTEST,
TPGXL,
OPP/PA,
KNRX,
GGT/PG,
IPB,
NRUC,
NPFD,
PRIF/PJ,
SPMA,
RLTY,
TRTN/PB,
SPME,
HEQ,
TCPA,
CTA/PA,
ECCF,
HTFC,
BPYPO,
GJO,
FSCO,
CTA/PB,
BPYPM,
OXLCP,
GJH,
GAM/PB,
TMUSI,
VIASP,
ATH/PD,
GJS,
NPCT,
GJR,
ELC,
EFR,
AEFC,
GAB/PG,
FINS,
BNJ,
ECCC,
RFMZ,
FLG/PA,
TFSA,
GAB/PK,
OXLCG,
ATH/PA,
NCV/PA,
HGLB,
NCZ/PA,
BNH,
ATH/PB,
CCID,
BPOPM,
DDT,
PDX,
GDV/PK,
TRTN/PA,
SEAL/PB,
ECCU,
OCCIN,
MBNKO,
FLG/PU,
PHXE/P,
BMEZ,
GJT,
MHNC,
GLU/PB,
CMS/PB,
GLOP/PB,
PRIF/PD,
SCE/PL,
EIIA,
PRIF/PL,
KKRS,
EICA,
FTHY,
BPYPN,
MTEST.A,
ASGI,
HFRO/PB,
CDR/PC,
SPE/PC,
FSSL,
PSEC/PA,
RMMZ,
TY/P,
OXLCO,
OCCIM,
NBXG,
CGABL,
GUT/PC,
BCV/PA,
GNT/PA,
ACP/PA,
BIPJ,
NEE/PN,
BEPH,
GLOP/PA,
BEPI,
PTA,
PDT,
PYT,
SPE,
GDV/PH,
JBK,
ANG/PD,
ECAT,
RMM,
BIPI,
SDHY,
NEE/PU,
ECCX,
PRIF/PK,
GGN/PB,
BIPH,
ETI/P,